"Path","Platform","Compiled","Cooked","Permutations","Compiletime","CompiledDouble","CookedDouble"
"/Game/Models/Slime/M_Slime.M_Slime","0","12","0","1","0.000000","0","0"
"/Engine/BasicShapes/BasicShapeMaterial.BasicShapeMaterial","0","0","63","1","0.000000","0","0"
"/MeshModelingToolset/Materials/M_DynamicMeshComponentVtxColor.M_DynamicMeshComponentVtxColor","0","0","18","1","0.000000","0","0"
"/ControlRig/Controls/ControlRigGizmoMaterial.ControlRigGizmoMaterial","0","0","2","1","0.000000","0","0"
"/Engine/EditorMaterials/PhAT_UnselectedMaterial.PhAT_UnselectedMaterial","0","0","3","1","0.000000","0","0"
"/Engine/EditorMaterials/PhAT_NoCollisionMaterial.PhAT_NoCollisionMaterial","0","0","3","1","0.000000","0","0"
"/Engine/EngineMaterials/GizmoMaterial.GizmoMaterial","0","0","6","1","0.000000","0","0"
"/Engine/EngineDebugMaterials/DebugMeshMaterial.DebugMeshMaterial","0","0","5","1","0.000000","0","0"
"/Engine/EngineMaterials/RemoveSurfaceMaterial.RemoveSurfaceMaterial","0","0","2","1","0.000000","0","0"
"/Engine/EngineMaterials/NaniteHiddenSectionMaterial.NaniteHiddenSectionMaterial","0","0","27","1","0.000000","0","0"
"/Engine/EngineDebugMaterials/DebugEditorMaterial.DebugEditorMaterial","0","0","6","1","0.000000","0","0"
"/Engine/EngineDebugMaterials/M_SimpleUnlitTranslucent.M_SimpleUnlitTranslucent","0","0","3","1","0.000000","0","0"
"/Engine/EditorMaterials/Camera/CineMat.CineMat","0","0","24","1","0.000000","0","0"
"/Engine/VREditor/TransformGizmo/Xray.Xray","0","0","12","1","0.000000","0","0"
"/Engine/VREditor/TransformGizmo/Main.Main","0","0","3","1","0.000000","0","0"
"/HairStrands/Materials/HairCardsDefaultMaterial.HairCardsDefaultMaterial","0","0","98","1","0.000000","0","0"
"/HairStrands/Materials/HairDefaultMaterial.HairDefaultMaterial","0","0","63","1","0.000000","0","0"
"/Engine/EditorMaterials/Dataflow/DataflowTwoSidedVertexMaterial.DataflowTwoSidedVertexMaterial","0","0","32","1","0.000000","0","0"
"/Engine/EditorMaterials/Dataflow/DataflowVertexMaterial.DataflowVertexMaterial","0","0","24","1","0.000000","0","0"
"/ControlRig/Controls/ControlRigXRayMaterial.ControlRigXRayMaterial","0","0","9","1","0.000000","0","0"
"/HairStrands/Materials/HairMeshesDefaultMaterial.HairMeshesDefaultMaterial","0","0","63","1","0.000000","0","0"
"/Engine/EditorLandscapeResources/SplineEditorMeshMat.SplineEditorMeshMat","0","0","12","1","0.000000","0","0"
"/Engine/VREditor/TransformGizmo/TranslucentTransformGizmoMaterial.TranslucentTransformGizmoMaterial","0","0","3","1","0.000000","0","0"
"/Engine/EngineMaterials/DefaultLightFunctionMaterial.DefaultLightFunctionMaterial","0","0","17","1","0.000000","0","0"
"/Engine/EngineMaterials/PhAT_JointLimitMaterial.PhAT_JointLimitMaterial","0","0","9","1","0.000000","0","0"
"/Engine/EngineMaterials/DefaultPostProcessMaterial.DefaultPostProcessMaterial","0","0","7","1","0.000000","0","0"
"/Engine/EngineMaterials/DefaultDeferredDecalMaterial.DefaultDeferredDecalMaterial","0","0","87","1","0.000000","0","0"
"/Engine/EngineSky/VolumetricClouds/m_SimpleVolumetricCloud.m_SimpleVolumetricCloud","0","0","100","1","0.000000","0","0"
"/ControlRig/M_Manip.M_Manip","0","0","9","1","0.000000","0","0"
"/Engine/EngineMaterials/EmissiveMeshMaterial.EmissiveMeshMaterial","0","0","10","1","0.000000","0","0"
"/Game/Materials/BasicMaterials/M_SolidColor.M_SolidColor","0","0","24","1","0.000000","0","0"
"/Engine/EngineMaterials/FlattenMaterial_WS_Normal_VT.FlattenMaterial_WS_Normal_VT","0","0","33","1","0.000000","0","0"
"/Engine/EngineMaterials/FlattenMaterial_VT.FlattenMaterial_VT","0","0","33","1","0.000000","0","0"
"/Engine/EngineMaterials/FlattenMaterial.FlattenMaterial","0","0","54","1","0.000000","0","0"
"/Engine/EngineMaterials/M_InvalidLightmapSettings.M_InvalidLightmapSettings","0","0","24","1","0.000000","0","0"
"/Paper2D/DefaultSpriteMaterial.DefaultSpriteMaterial","0","0","46","2","0.000000","0","0"
"/Engine/VREditor/TransformGizmo/TransformGizmoMaterial.TransformGizmoMaterial","0","0","2","1","0.000000","0","0"
"/Engine/EngineDebugMaterials/M_VolumeRenderSphereTracePP.M_VolumeRenderSphereTracePP","0","0","5","1","0.000000","0","0"
"/Engine/EngineMaterials/Widget3DPassThrough.Widget3DPassThrough","0","0","50","6","0.000000","0","3"
"/HairStrands/Materials/HairDebugMaterial.HairDebugMaterial","0","0","98","1","0.000000","0","0"
"/Engine/EngineMaterials/DefaultMaterial.DefaultMaterial","0","0","123","1","0.000000","0","0"
"/Engine/EngineMaterials/WorldGridMaterial.WorldGridMaterial","0","0","721","1","0.000000","0","0"
"/Engine/EngineMaterials/DefaultTextMaterialOpaque.DefaultTextMaterialOpaque","0","0","29","1","0.000000","0","0"
"/Engine/EngineMaterials/PPM_DefaultCalibrationColor.PPM_DefaultCalibrationColor","0","0","5","1","0.000000","0","0"
"/Game/Models/Knight/M_Knight.M_Knight","0","0","28","1","0.000000","0","0"
"/Engine/VREditor/SnapGrid/SnapGridMaterial.SnapGridMaterial","0","0","10","1","0.000000","0","0"
"/Game/Models/Environment/Tree/NormalTree/M_Tree.M_Tree","0","0","32","1","0.000000","0","0"
"/Engine/EngineMaterials/PPM_DefaultCalibrationGrayscale.PPM_DefaultCalibrationGrayscale","0","0","5","1","0.000000","0","0"
"/Game/Models/Weapons/Axe/M_Axe.M_Axe","0","0","14","1","0.000000","0","0"
"/Game/Models/Weapons/Sword/M_Sword.M_Sword","0","0","28","1","0.000000","0","0"
"/Engine/EditorMaterials/PreviewShadowIndicatorMaterial.PreviewShadowIndicatorMaterial","0","0","17","1","0.000000","0","0"
"/Game/Models/Weapons/Arrow/M_Arrow.M_Arrow","0","0","12","1","0.000000","0","0"
"/Game/Materials/M_Skybox.M_Skybox","0","0","6","1","0.000000","0","0"
"/Game/Models/Environment/Plants/GreenPlant/M_GreenPlant.M_GreenPlant","0","0","28","1","0.000000","0","0"
"/Game/Models/Goblin/M_Goblin.M_Goblin","0","0","28","1","0.000000","0","0"
"/AudioWidgets/AudioMaterialSlate/M_AudioMaterialMeter.M_AudioMaterialMeter","0","0","13","1","0.000000","0","0"
"/AudioWidgets/AudioMaterialSlate/M_AudioMaterialRoundedSlider.M_AudioMaterialRoundedSlider","0","0","27","1","0.000000","0","0"
"/AudioWidgets/AudioMaterialSlate/M_AudioMaterialEnvelope_ADSR.M_AudioMaterialEnvelope_ADSR","0","0","27","1","0.000000","0","0"
"/AudioWidgets/AudioMaterialSlate/M_AudioMaterialKnob.M_AudioMaterialKnob","0","0","13","1","0.000000","0","0"
"/AudioWidgets/AudioMaterialSlate/M_AudioMaterialToggleButton.M_AudioMaterialToggleButton","0","0","13","1","0.000000","0","0"
"/Game/Models/Environment/Well/M_Well.M_Well","0","0","14","1","0.000000","0","0"
"/InterchangeAssets/gltf/M_Unlit.M_Unlit","0","0","100","6","0.000000","0","0"
"/Game/Models/Environment/Plants/TallPlant/M_TallPlant.M_TallPlant","0","0","24","1","0.000000","0","0"
"/Game/Models/Environment/Campfire/M_Campfire.M_Campfire","0","0","14","1","0.000000","0","0"
"/Game/Models/Environment/Tree/BigTree/M_BigTree.M_BigTree","0","0","12","1","0.000000","0","0"
"/InterchangeAssets/gltf/M_Default.M_Default","0","0","260","6","0.000000","0","0"
"/InterchangeAssets/gltf/M_ClearCoat.M_ClearCoat","0","0","260","6","0.000000","0","0"
"/InterchangeAssets/gltf/M_Sheen.M_Sheen","0","0","244","6","0.000000","0","0"
"/SpeedTreeImporter/SpeedTree9/SpeedTreeBillboardMaster.SpeedTreeBillboardMaster","0","0","58","1","0.000000","0","0"
"/SpeedTreeImporter/SpeedTree9/SpeedTreeMaster.SpeedTreeMaster","0","0","84","1","0.000000","0","0"
"/InterchangeAssets/gltf/M_Transmission.M_Transmission","0","0","76","2","0.000000","0","0"
"/InterchangeAssets/gltf/M_SpecularGlossiness.M_SpecularGlossiness","0","0","244","6","0.000000","0","0"
"/Game/Models/Slime/M_Slime.M_Slime","49","20","20","1","0.000000","0","0"
"/Engine/BasicShapes/BasicShapeMaterial.BasicShapeMaterial","49","0","77","1","0.000000","0","0"
"/MeshModelingToolset/Materials/M_DynamicMeshComponentVtxColor.M_DynamicMeshComponentVtxColor","49","0","18","1","0.000000","0","0"
"/ControlRig/Controls/ControlRigGizmoMaterial.ControlRigGizmoMaterial","49","0","2","1","0.000000","0","0"
"/Engine/EditorMaterials/PhAT_UnselectedMaterial.PhAT_UnselectedMaterial","49","0","3","1","0.000000","0","0"
"/Engine/EditorMaterials/PhAT_NoCollisionMaterial.PhAT_NoCollisionMaterial","49","0","3","1","0.000000","0","0"
"/Engine/EngineMaterials/GizmoMaterial.GizmoMaterial","49","0","6","1","0.000000","0","0"
"/Engine/EngineDebugMaterials/DebugMeshMaterial.DebugMeshMaterial","49","0","5","1","0.000000","0","0"
"/Engine/EngineMaterials/RemoveSurfaceMaterial.RemoveSurfaceMaterial","49","0","2","1","0.000000","0","0"
"/Engine/EngineMaterials/NaniteHiddenSectionMaterial.NaniteHiddenSectionMaterial","49","0","29","1","0.000000","0","0"
"/Engine/EngineDebugMaterials/DebugEditorMaterial.DebugEditorMaterial","49","0","6","1","0.000000","0","0"
"/Engine/EngineDebugMaterials/M_SimpleUnlitTranslucent.M_SimpleUnlitTranslucent","49","0","3","1","0.000000","0","0"
"/Engine/EditorMaterials/Camera/CineMat.CineMat","49","0","24","1","0.000000","0","0"
"/Engine/VREditor/TransformGizmo/Xray.Xray","49","0","12","1","0.000000","0","0"
"/Engine/VREditor/TransformGizmo/Main.Main","49","0","3","1","0.000000","0","0"
"/HairStrands/Materials/HairCardsDefaultMaterial.HairCardsDefaultMaterial","49","0","104","1","0.000000","0","0"
"/HairStrands/Materials/HairDefaultMaterial.HairDefaultMaterial","49","0","63","1","0.000000","0","0"
"/Engine/EditorMaterials/Dataflow/DataflowTwoSidedVertexMaterial.DataflowTwoSidedVertexMaterial","49","0","32","1","0.000000","0","0"
"/Engine/EditorMaterials/Dataflow/DataflowVertexMaterial.DataflowVertexMaterial","49","0","24","1","0.000000","0","0"
"/ControlRig/Controls/ControlRigXRayMaterial.ControlRigXRayMaterial","49","0","9","1","0.000000","0","0"
"/HairStrands/Materials/HairMeshesDefaultMaterial.HairMeshesDefaultMaterial","49","0","63","1","0.000000","0","0"
"/Engine/EditorLandscapeResources/SplineEditorMeshMat.SplineEditorMeshMat","49","0","13","1","0.000000","0","0"
"/Engine/VREditor/TransformGizmo/TranslucentTransformGizmoMaterial.TranslucentTransformGizmoMaterial","49","0","3","1","0.000000","0","0"
"/Engine/EngineMaterials/DefaultLightFunctionMaterial.DefaultLightFunctionMaterial","49","0","25","1","0.000000","0","0"
"/Engine/EngineMaterials/PhAT_JointLimitMaterial.PhAT_JointLimitMaterial","49","0","9","1","0.000000","0","0"
"/Engine/EngineMaterials/DefaultPostProcessMaterial.DefaultPostProcessMaterial","49","0","7","1","0.000000","0","0"
"/Engine/EngineMaterials/DefaultDeferredDecalMaterial.DefaultDeferredDecalMaterial","49","0","87","1","0.000000","0","0"
"/Engine/EngineSky/VolumetricClouds/m_SimpleVolumetricCloud.m_SimpleVolumetricCloud","49","0","100","1","0.000000","0","0"
"/ControlRig/M_Manip.M_Manip","49","0","9","1","0.000000","0","0"
"/Engine/EngineMaterials/EmissiveMeshMaterial.EmissiveMeshMaterial","49","0","10","1","0.000000","0","0"
"/Game/Materials/BasicMaterials/M_SolidColor.M_SolidColor","49","0","32","1","0.000000","0","0"
"/Engine/EngineMaterials/FlattenMaterial_WS_Normal_VT.FlattenMaterial_WS_Normal_VT","49","0","47","1","0.000000","0","0"
"/Engine/EngineMaterials/FlattenMaterial_VT.FlattenMaterial_VT","49","0","47","1","0.000000","0","0"
"/Engine/EngineMaterials/FlattenMaterial.FlattenMaterial","49","0","68","1","0.000000","0","0"
"/Engine/EngineMaterials/M_InvalidLightmapSettings.M_InvalidLightmapSettings","49","0","24","1","0.000000","0","0"
"/Paper2D/DefaultSpriteMaterial.DefaultSpriteMaterial","49","0","50","2","0.000000","0","0"
"/Engine/VREditor/TransformGizmo/TransformGizmoMaterial.TransformGizmoMaterial","49","0","2","1","0.000000","0","0"
"/Engine/EngineDebugMaterials/M_VolumeRenderSphereTracePP.M_VolumeRenderSphereTracePP","49","0","5","1","0.000000","0","0"
"/Engine/EngineMaterials/Widget3DPassThrough.Widget3DPassThrough","49","0","54","6","0.000000","0","3"
"/HairStrands/Materials/HairDebugMaterial.HairDebugMaterial","49","0","104","1","0.000000","0","0"
"/Engine/EngineMaterials/DefaultMaterial.DefaultMaterial","49","0","123","1","0.000000","0","0"
"/Engine/EngineMaterials/WorldGridMaterial.WorldGridMaterial","49","0","1341","1","0.000000","0","0"
"/Engine/EngineMaterials/DefaultTextMaterialOpaque.DefaultTextMaterialOpaque","49","0","31","1","0.000000","0","0"
"/Engine/EngineMaterials/PPM_DefaultCalibrationColor.PPM_DefaultCalibrationColor","49","0","5","1","0.000000","0","0"
"/Game/Models/Knight/M_Knight.M_Knight","49","0","36","1","0.000000","0","0"
"/Engine/VREditor/SnapGrid/SnapGridMaterial.SnapGridMaterial","49","0","10","1","0.000000","0","0"
"/Game/Models/Environment/Tree/NormalTree/M_Tree.M_Tree","49","0","40","1","0.000000","0","0"
"/Engine/EngineMaterials/PPM_DefaultCalibrationGrayscale.PPM_DefaultCalibrationGrayscale","49","0","5","1","0.000000","0","0"
"/Game/Models/Weapons/Axe/M_Axe.M_Axe","49","0","14","1","0.000000","0","0"
"/Game/Models/Weapons/Sword/M_Sword.M_Sword","49","0","36","1","0.000000","0","0"
"/Engine/EditorMaterials/PreviewShadowIndicatorMaterial.PreviewShadowIndicatorMaterial","49","0","25","1","0.000000","0","0"
"/Game/Models/Weapons/Arrow/M_Arrow.M_Arrow","49","0","20","1","0.000000","0","0"
"/Game/Materials/M_Skybox.M_Skybox","49","0","6","1","0.000000","0","0"
"/Game/Models/Environment/Plants/GreenPlant/M_GreenPlant.M_GreenPlant","49","0","36","1","0.000000","0","0"
"/Game/Models/Goblin/M_Goblin.M_Goblin","49","0","36","1","0.000000","0","0"
"/AudioWidgets/AudioMaterialSlate/M_AudioMaterialMeter.M_AudioMaterialMeter","49","0","13","1","0.000000","0","0"
"/AudioWidgets/AudioMaterialSlate/M_AudioMaterialRoundedSlider.M_AudioMaterialRoundedSlider","49","0","29","1","0.000000","0","0"
"/AudioWidgets/AudioMaterialSlate/M_AudioMaterialEnvelope_ADSR.M_AudioMaterialEnvelope_ADSR","49","0","29","1","0.000000","0","0"
"/AudioWidgets/AudioMaterialSlate/M_AudioMaterialKnob.M_AudioMaterialKnob","49","0","13","1","0.000000","0","0"
"/AudioWidgets/AudioMaterialSlate/M_AudioMaterialToggleButton.M_AudioMaterialToggleButton","49","0","13","1","0.000000","0","0"
"/Game/Models/Environment/Well/M_Well.M_Well","49","0","14","1","0.000000","0","0"
"/InterchangeAssets/gltf/M_Unlit.M_Unlit","49","0","162","6","0.000000","0","0"
"/Game/Models/Environment/Plants/TallPlant/M_TallPlant.M_TallPlant","49","0","32","1","0.000000","0","0"
"/Game/Models/Environment/Campfire/M_Campfire.M_Campfire","49","0","22","1","0.000000","0","0"
"/Game/Models/Environment/Tree/BigTree/M_BigTree.M_BigTree","49","0","12","1","0.000000","0","0"
"/InterchangeAssets/gltf/M_Default.M_Default","49","0","268","6","0.000000","0","0"
"/InterchangeAssets/gltf/M_ClearCoat.M_ClearCoat","49","0","268","6","0.000000","0","0"
"/InterchangeAssets/gltf/M_Sheen.M_Sheen","49","0","252","6","0.000000","0","0"
"/SpeedTreeImporter/SpeedTree9/SpeedTreeBillboardMaster.SpeedTreeBillboardMaster","49","0","62","1","0.000000","0","0"
"/SpeedTreeImporter/SpeedTree9/SpeedTreeMaster.SpeedTreeMaster","49","0","88","1","0.000000","0","0"
"/InterchangeAssets/gltf/M_Transmission.M_Transmission","49","0","76","2","0.000000","0","0"
"/InterchangeAssets/gltf/M_SpecularGlossiness.M_SpecularGlossiness","49","0","252","6","0.000000","0","0"
